[{"title_en":"More networked research thanks to project partners: a look at the first years","title_de":"Besser vernetzt dank Projektpartnerschaften: Blick zurück auf die ersten Jahre","title_fr":"Recherche en réseau renforcée grâce aux partenaires de projet : un premier bilan","author":"Simon Gorin","datastory_category":"standard","publication_date":"2023-03-01 04:00:00","languages":"en;de;fr","short_desc_en":"Since 2017, project partners can contribute to specific aspects of research projects supported by the SNSF’s Project funding scheme. What trends do we observe?","short_desc_de":"Seit 2017 können in der Projektförderung des SNF Projektpartner:innen zu spezifischen Aspekten der Forschung beitragen. Wie häufig sind solche Partnerschaften?","short_desc_fr":"Depuis 2017, les partenaires de projet peuvent contribuer à certains aspects spécifiques des projets de recherche bénéficiant de subsides d’encouragement du FNS. Quelles tendances observons-nous ?","tags":"T80T,T150T","author_url":"datastories@snf.ch","top_story":false,"github_url":"https://github.com/snsf-data/datastory_project_partners_and_networked_research","doi":"https://doi.org/10.46446/datastory.project-partners-and-networked-research"}]
